Apple Identifier,Begin Date,CMB,Category,Client,Country Code,Currency of Proceeds,Customer Currency,Customer Price,Developer,Developer Proceeds,Device,End Date,Order Type,Parent Identifier,Period,Preserved Pricing,Proceeds Reason,Product Type Identifier,Promo Code,Provider,Provider Country,SKU,Subscription,Supported Platforms,Title,Units,Version,_report_date
6758321287,05/21/2026,,Health & Fitness, ,US, ,USD,0.00,Joao Victor Flores da Costa,0.00,iPhone,05/21/2026, , , , , ,1F, ,APPLE,US,com.gambit.blwbaby.2024, ,iOS,BLW Tracker - Baby Led,2,1.0,2026-05-21
6758321287,05/21/2026,,Health & Fitness, ,PT, ,EUR,0.00,Joao Victor Flores da Costa,0.00,iPhone,05/21/2026, , , , , ,1F, ,APPLE,US,com.gambit.blwbaby.2024, ,iOS,BLW Tracker - Baby Led,1,1.0,2026-05-21
6758321287,05/21/2026,,Health & Fitness, ,EC, ,USD,0.00,Joao Victor Flores da Costa,0.00,iPhone,05/21/2026, , , , , ,1F, ,APPLE,US,com.gambit.blwbaby.2024, ,iOS,BLW Tracker - Baby Led,1,1.0,2026-05-21
6758321287,05/20/2026,,Health & Fitness, ,BR, ,BRL,0.00,Joao Victor Flores da Costa,0.00,iPhone,05/20/2026, , , , , ,1F, ,APPLE,US,com.gambit.blwbaby.2024, ,iOS,BLW Tracker - Baby Led,1,1.0,2026-05-20
6758321287,05/20/2026,,Health & Fitness, ,ES, ,EUR,0.00,Joao Victor Flores da Costa,0.00,iPhone,05/20/2026, , , , , ,1F, ,APPLE,US,com.gambit.blwbaby.2024, ,iOS,BLW Tracker - Baby Led,2,1.0,2026-05-20
6758321287,05/20/2026,,Health & Fitness, ,MX, ,MXN,0.00,Joao Victor Flores da Costa,0.00,iPhone,05/20/2026, , , , , ,1F, ,APPLE,US,com.gambit.blwbaby.2024, ,iOS,BLW Tracker - Baby Led,2,1.0,2026-05-20
6758321287,05/20/2026,,Health & Fitness, ,GT, ,USD,0.00,Joao Victor Flores da Costa,0.00,iPhone,05/20/2026, , , , , ,1F, ,APPLE,US,com.gambit.blwbaby.2024, ,iOS,BLW Tracker - Baby Led,1,1.0,2026-05-20
6758321287,05/19/2026,,Health & Fitness, ,BR, ,BRL,0.00,Joao Victor Flores da Costa,0.00,iPhone,05/19/2026, , , , , ,1F, ,APPLE,US,com.gambit.blwbaby.2024, ,iOS,BLW Tracker - Baby Led,1,1.0,2026-05-19
6758321287,05/19/2026,,Health & Fitness, ,PA, ,USD,0.00,Joao Victor Flores da Costa,0.00,iPhone,05/19/2026, , , , , ,1F, ,APPLE,US,com.gambit.blwbaby.2024, ,iOS,BLW Tracker - Baby Led,1,1.0,2026-05-19
6758321287,05/19/2026,,Health & Fitness, ,BR,BRL,BRL,0.00,Joao Victor Flores da Costa,0.00,iPhone,05/19/2026, , , , , ,3F, ,APPLE,US,com.gambit.blwbaby.2024, ,iOS,BLW Tracker - Baby Led,1,1.0,2026-05-19
6758321287,05/19/2026,,Health & Fitness, ,US, ,USD,0.00,Joao Victor Flores da Costa,0.00,iPhone,05/19/2026, , , , , ,1F, ,APPLE,US,com.gambit.blwbaby.2024, ,iOS,BLW Tracker - Baby Led,1,1.0,2026-05-19
6758321287,05/19/2026,,Health & Fitness, ,DO, ,USD,0.00,Joao Victor Flores da Costa,0.00,iPhone,05/19/2026, , , , , ,1F, ,APPLE,US,com.gambit.blwbaby.2024, ,iOS,BLW Tracker - Baby Led,1,1.0,2026-05-19
6758321287,05/19/2026,,Health & Fitness, ,MX, ,MXN,0.00,Joao Victor Flores da Costa,0.00,iPhone,05/19/2026, , , , , ,1F, ,APPLE,US,com.gambit.blwbaby.2024, ,iOS,BLW Tracker - Baby Led,1,1.0,2026-05-19
6758321287,05/19/2026,,Health & Fitness, ,CR, ,USD,0.00,Joao Victor Flores da Costa,0.00,iPhone,05/19/2026, , , , , ,1F, ,APPLE,US,com.gambit.blwbaby.2024, ,iOS,BLW Tracker - Baby Led,1,1.0,2026-05-19
6758321287,05/19/2026,,Health & Fitness, ,ES, ,EUR,0.00,Joao Victor Flores da Costa,0.00,iPhone,05/19/2026, , , , , ,1F, ,APPLE,US,com.gambit.blwbaby.2024, ,iOS,BLW Tracker - Baby Led,3,1.0,2026-05-19
6758321287,05/18/2026,,Health & Fitness, ,BR,BRL,BRL,0.00,Joao Victor Flores da Costa,0.00,iPhone,05/18/2026, , , , , ,3F, ,APPLE,US,com.gambit.blwbaby.2024, ,iOS,BLW Tracker - Baby Led,1,1.0,2026-05-18
6758321287,05/18/2026,,Health & Fitness, ,BR, ,BRL,0.00,Joao Victor Flores da Costa,0.00,iPad,05/18/2026, , , , , ,1F, ,APPLE,US,com.gambit.blwbaby.2024, ,iOS,BLW Tracker - Baby Led,1,1.0,2026-05-18
6758321287,05/18/2026,,Health & Fitness, ,MX, ,MXN,0.00,Joao Victor Flores da Costa,0.00,iPhone,05/18/2026, , , , , ,1F, ,APPLE,US,com.gambit.blwbaby.2024, ,iOS,BLW Tracker - Baby Led,2,1.0,2026-05-18
6758321287,05/17/2026,,Health & Fitness, ,EC,USD,USD,0.00,Joao Victor Flores da Costa,0.00,iPhone,05/17/2026, , , , , ,3F, ,APPLE,US,com.gambit.blwbaby.2024, ,iOS,BLW Tracker - Baby Led,1,1.0,2026-05-17
6758321287,05/17/2026,,Health & Fitness, ,MX, ,MXN,0.00,Joao Victor Flores da Costa,0.00,iPhone,05/17/2026, , , , , ,1F, ,APPLE,US,com.gambit.blwbaby.2024, ,iOS,BLW Tracker - Baby Led,1,1.0,2026-05-17
6758321287,05/16/2026,,Health & Fitness, ,GT, ,USD,0.00,Joao Victor Flores da Costa,0.00,iPhone,05/16/2026, , , , , ,1F, ,APPLE,US,com.gambit.blwbaby.2024, ,iOS,BLW Tracker - Baby Led,1,1.0,2026-05-16
6758321287,05/16/2026,,Health & Fitness, ,BR, ,BRL,0.00,Joao Victor Flores da Costa,0.00,iPhone,05/16/2026, , , , , ,1F, ,APPLE,US,com.gambit.blwbaby.2024, ,iOS,BLW Tracker - Baby Led,1,1.0,2026-05-16
6758321287,05/15/2026,,Health & Fitness, ,ES, ,EUR,0.00,Joao Victor Flores da Costa,0.00,iPhone,05/15/2026, , , , , ,1F, ,APPLE,US,com.gambit.blwbaby.2024, ,iOS,BLW Tracker - Baby Led,1,1.0,2026-05-15
6758321287,05/15/2026,,Health & Fitness, ,PT, ,EUR,0.00,Joao Victor Flores da Costa,0.00,iPhone,05/15/2026, , , , , ,1F, ,APPLE,US,com.gambit.blwbaby.2024, ,iOS,BLW Tracker - Baby Led,1,1.0,2026-05-15
6758321287,05/14/2026,,Health & Fitness, ,BR, ,BRL,0.00,Joao Victor Flores da Costa,0.00,iPhone,05/14/2026, , , , , ,1F, ,APPLE,US,com.gambit.blwbaby.2024, ,iOS,BLW Tracker - Baby Led,2,1.0,2026-05-14
6758321287,05/14/2026,,Health & Fitness, ,PT, ,EUR,0.00,Joao Victor Flores da Costa,0.00,iPhone,05/14/2026, , , , , ,1F, ,APPLE,US,com.gambit.blwbaby.2024, ,iOS,BLW Tracker - Baby Led,1,1.0,2026-05-14
6758321287,05/14/2026,,Health & Fitness, ,CO, ,COP,0.00,Joao Victor Flores da Costa,0.00,iPhone,05/14/2026, , , , , ,1F, ,APPLE,US,com.gambit.blwbaby.2024, ,iOS,BLW Tracker - Baby Led,1,1.0,2026-05-14
6758321287,05/14/2026,,Health & Fitness, ,BR,BRL,BRL,0.00,Joao Victor Flores da Costa,0.00,iPhone,05/14/2026, , , , , ,3F, ,APPLE,US,com.gambit.blwbaby.2024, ,iOS,BLW Tracker - Baby Led,1,1.0,2026-05-14
6758321287,05/14/2026,,Health & Fitness, ,US, ,USD,0.00,Joao Victor Flores da Costa,0.00,iPhone,05/14/2026, , , , , ,1F, ,APPLE,US,com.gambit.blwbaby.2024, ,iOS,BLW Tracker - Baby Led,1,1.0,2026-05-14
6758321287,05/13/2026,,Health & Fitness, ,BR, ,BRL,0.00,Joao Victor Flores da Costa,0.00,iPhone,05/13/2026, , , , , ,1F, ,APPLE,US,com.gambit.blwbaby.2024, ,iOS,BLW Tracker - Baby Led,1,1.0,2026-05-13
6758321287,05/13/2026,,Health & Fitness, ,CL, ,CLP,0.00,Joao Victor Flores da Costa,0.00,iPhone,05/13/2026, , , , , ,1F, ,APPLE,US,com.gambit.blwbaby.2024, ,iOS,BLW Tracker - Baby Led,1,1.0,2026-05-13
6758321287,05/12/2026,,Health & Fitness, ,US, ,USD,0.00,Joao Victor Flores da Costa,0.00,iPhone,05/12/2026, , , , , ,1F, ,APPLE,US,com.gambit.blwbaby.2024, ,iOS,BLW Tracker - Baby Led,3,1.0,2026-05-12
6758321287,05/12/2026,,Health & Fitness, ,BR, ,BRL,0.00,Joao Victor Flores da Costa,0.00,iPhone,05/12/2026, , , , , ,1F, ,APPLE,US,com.gambit.blwbaby.2024, ,iOS,BLW Tracker - Baby Led,1,1.0,2026-05-12
6758321287,05/12/2026,,Health & Fitness, ,EC, ,USD,0.00,Joao Victor Flores da Costa,0.00,iPhone,05/12/2026, , , , , ,1F, ,APPLE,US,com.gambit.blwbaby.2024, ,iOS,BLW Tracker - Baby Led,1,1.0,2026-05-12
6758321287,05/12/2026,,Health & Fitness, ,GB, ,GBP,0.00,Joao Victor Flores da Costa,0.00,iPhone,05/12/2026, , , , , ,1F, ,APPLE,US,com.gambit.blwbaby.2024, ,iOS,BLW Tracker - Baby Led,1,1.0,2026-05-12
6758321287,05/12/2026,,Health & Fitness, ,MX, ,MXN,0.00,Joao Victor Flores da Costa,0.00,iPhone,05/12/2026, , , , , ,1F, ,APPLE,US,com.gambit.blwbaby.2024, ,iOS,BLW Tracker - Baby Led,1,1.0,2026-05-12
6758321287,05/11/2026,,Health & Fitness, ,PT, ,EUR,0.00,Joao Victor Flores da Costa,0.00,iPhone,05/11/2026, , , , , ,1F, ,APPLE,US,com.gambit.blwbaby.2024, ,iOS,BLW Tracker - Baby Led,1,1.0,2026-05-11
6758321287,05/11/2026,,Health & Fitness, ,ES, ,EUR,0.00,Joao Victor Flores da Costa,0.00,iPhone,05/11/2026, , , , , ,1F, ,APPLE,US,com.gambit.blwbaby.2024, ,iOS,BLW Tracker - Baby Led,1,1.0,2026-05-11
6758321287,05/11/2026,,Health & Fitness, ,MX, ,MXN,0.00,Joao Victor Flores da Costa,0.00,iPad,05/11/2026, , , , , ,1F, ,APPLE,US,com.gambit.blwbaby.2024, ,iOS,BLW Tracker - Baby Led,1,1.0,2026-05-11
6758321287,05/11/2026,,Health & Fitness, ,BR, ,BRL,0.00,Joao Victor Flores da Costa,0.00,iPhone,05/11/2026, , , , , ,1F, ,APPLE,US,com.gambit.blwbaby.2024, ,iOS,BLW Tracker - Baby Led,2,1.0,2026-05-11
6758321287,05/11/2026,,Health & Fitness, ,US, ,USD,0.00,Joao Victor Flores da Costa,0.00,iPhone,05/11/2026, , , , , ,1F, ,APPLE,US,com.gambit.blwbaby.2024, ,iOS,BLW Tracker - Baby Led,1,1.0,2026-05-11
6758321287,05/11/2026,,Health & Fitness, ,DO, ,USD,0.00,Joao Victor Flores da Costa,0.00,iPhone,05/11/2026, , , , , ,1F, ,APPLE,US,com.gambit.blwbaby.2024, ,iOS,BLW Tracker - Baby Led,1,1.0,2026-05-11
6758321287,05/10/2026,,Health & Fitness, ,US, ,USD,0.00,Joao Victor Flores da Costa,0.00,iPhone,05/10/2026, , , , , ,1F, ,APPLE,US,com.gambit.blwbaby.2024, ,iOS,BLW Tracker - Baby Led,1,1.0,2026-05-10
6758321287,05/09/2026,,Health & Fitness, ,CO, ,COP,0.00,Joao Victor Flores da Costa,0.00,iPhone,05/09/2026, , , , , ,1F, ,APPLE,US,com.gambit.blwbaby.2024, ,iOS,BLW Tracker - Baby Led,1,1.0,2026-05-09
6758321287,05/09/2026,,Health & Fitness, ,ES, ,EUR,0.00,Joao Victor Flores da Costa,0.00,iPhone,05/09/2026, , , , , ,1F, ,APPLE,US,com.gambit.blwbaby.2024, ,iOS,BLW Tracker - Baby Led,1,1.0,2026-05-09
6758321287,05/09/2026,,Health & Fitness, ,BR, ,BRL,0.00,Joao Victor Flores da Costa,0.00,iPhone,05/09/2026, , , , , ,1F, ,APPLE,US,com.gambit.blwbaby.2024, ,iOS,BLW Tracker - Baby Led,1,1.0,2026-05-09
6758321287,05/09/2026,,Health & Fitness, ,US, ,USD,0.00,Joao Victor Flores da Costa,0.00,iPhone,05/09/2026, , , , , ,1F, ,APPLE,US,com.gambit.blwbaby.2024, ,iOS,BLW Tracker - Baby Led,1,1.0,2026-05-09
6758321287,05/08/2026,,Health & Fitness, ,TR, ,TRY,0.00,Joao Victor Flores da Costa,0.00,iPhone,05/08/2026, , , , , ,1F, ,APPLE,US,com.gambit.blwbaby.2024, ,iOS,BLW Tracker - Baby Led,1,1.0,2026-05-08
6758321287,05/08/2026,,Health & Fitness, ,US, ,USD,0.00,Joao Victor Flores da Costa,0.00,iPhone,05/08/2026, , , , , ,1F, ,APPLE,US,com.gambit.blwbaby.2024, ,iOS,BLW Tracker - Baby Led,1,1.0,2026-05-08
6758321287,05/08/2026,,Health & Fitness, ,ES, ,EUR,0.00,Joao Victor Flores da Costa,0.00,iPhone,05/08/2026, , , , , ,1F, ,APPLE,US,com.gambit.blwbaby.2024, ,iOS,BLW Tracker - Baby Led,2,1.0,2026-05-08
6758321287,05/07/2026,,Health & Fitness, ,US, ,USD,0.00,Joao Victor Flores da Costa,0.00,iPhone,05/07/2026, , , , , ,1F, ,APPLE,US,com.gambit.blwbaby.2024, ,iOS,BLW Tracker - Baby Led,3,1.0,2026-05-07
6758321287,05/07/2026,,Health & Fitness, ,MX, ,MXN,0.00,Joao Victor Flores da Costa,0.00,iPhone,05/07/2026, , , , , ,1F, ,APPLE,US,com.gambit.blwbaby.2024, ,iOS,BLW Tracker - Baby Led,1,1.0,2026-05-07
6758321287,05/06/2026,,Health & Fitness, ,ES, ,EUR,0.00,Joao Victor Flores da Costa,0.00,iPhone,05/06/2026, , , , , ,1F, ,APPLE,US,com.gambit.blwbaby.2024, ,iOS,BLW Tracker - Baby Led,3,1.0,2026-05-06
6758321287,05/06/2026,,Health & Fitness, ,VE, ,USD,0.00,Joao Victor Flores da Costa,0.00,iPhone,05/06/2026, , , , , ,1F, ,APPLE,US,com.gambit.blwbaby.2024, ,iOS,BLW Tracker - Baby Led,1,1.0,2026-05-06
6758321287,05/06/2026,,Health & Fitness, ,CL, ,CLP,0.00,Joao Victor Flores da Costa,0.00,iPhone,05/06/2026, , , , , ,1F, ,APPLE,US,com.gambit.blwbaby.2024, ,iOS,BLW Tracker - Baby Led,2,1.0,2026-05-06
6758321287,05/06/2026,,Health & Fitness, ,US, ,USD,0.00,Joao Victor Flores da Costa,0.00,Desktop,05/06/2026, , , , , ,1F, ,APPLE,US,com.gambit.blwbaby.2024, ,iOS,BLW Tracker - Baby Led,1,1.0,2026-05-06
6758321287,05/06/2026,,Health & Fitness, ,BR, ,BRL,0.00,Joao Victor Flores da Costa,0.00,iPhone,05/06/2026, , , , , ,1F, ,APPLE,US,com.gambit.blwbaby.2024, ,iOS,BLW Tracker - Baby Led,1,1.0,2026-05-06
6758321287,05/06/2026,,Health & Fitness, ,MX, ,MXN,0.00,Joao Victor Flores da Costa,0.00,iPhone,05/06/2026, , , , , ,1F, ,APPLE,US,com.gambit.blwbaby.2024, ,iOS,BLW Tracker - Baby Led,1,1.0,2026-05-06
6758321287,05/05/2026,,Health & Fitness, ,UY, ,USD,0.00,Joao Victor Flores da Costa,0.00,iPhone,05/05/2026, , , , , ,1F, ,APPLE,US,com.gambit.blwbaby.2024, ,iOS,BLW Tracker - Baby Led,1,1.0,2026-05-05
6758321287,05/05/2026,,Health & Fitness, ,CO, ,COP,0.00,Joao Victor Flores da Costa,0.00,iPhone,05/05/2026, , , , , ,1F, ,APPLE,US,com.gambit.blwbaby.2024, ,iOS,BLW Tracker - Baby Led,1,1.0,2026-05-05
6758321287,05/05/2026,,Health & Fitness, ,IN, ,INR,0.00,Joao Victor Flores da Costa,0.00,iPhone,05/05/2026, , , , , ,1F, ,APPLE,US,com.gambit.blwbaby.2024, ,iOS,BLW Tracker - Baby Led,1,1.0,2026-05-05
6758321287,05/05/2026,,Health & Fitness, ,BR, ,BRL,0.00,Joao Victor Flores da Costa,0.00,iPhone,05/05/2026, , , , , ,1F, ,APPLE,US,com.gambit.blwbaby.2024, ,iOS,BLW Tracker - Baby Led,1,1.0,2026-05-05
6758321287,05/05/2026,,Health & Fitness, ,US, ,USD,0.00,Joao Victor Flores da Costa,0.00,iPhone,05/05/2026, , , , , ,1F, ,APPLE,US,com.gambit.blwbaby.2024, ,iOS,BLW Tracker - Baby Led,1,1.0,2026-05-05
6758321287,05/05/2026,,Health & Fitness, ,AU, ,AUD,0.00,Joao Victor Flores da Costa,0.00,iPhone,05/05/2026, , , , , ,1F, ,APPLE,US,com.gambit.blwbaby.2024, ,iOS,BLW Tracker - Baby Led,1,1.0,2026-05-05
6758321287,05/04/2026,,Health & Fitness, ,ES, ,EUR,0.00,Joao Victor Flores da Costa,0.00,iPhone,05/04/2026, , , , , ,1F, ,APPLE,US,com.gambit.blwbaby.2024, ,iOS,BLW Tracker - Baby Led,1,1.0,2026-05-04
6758321287,05/04/2026,,Health & Fitness, ,BR, ,BRL,0.00,Joao Victor Flores da Costa,0.00,iPhone,05/04/2026, , , , , ,1F, ,APPLE,US,com.gambit.blwbaby.2024, ,iOS,BLW Tracker - Baby Led,1,1.0,2026-05-04
6758321287,05/04/2026,,Health & Fitness, ,MX,MXN,MXN,0.00,Joao Victor Flores da Costa,0.00,iPhone,05/04/2026, , , , , ,3F, ,APPLE,US,com.gambit.blwbaby.2024, ,iOS,BLW Tracker - Baby Led,1,1.0,2026-05-04
6758321287,05/04/2026,,Health & Fitness, ,US, ,USD,0.00,Joao Victor Flores da Costa,0.00,iPhone,05/04/2026, , , , , ,1F, ,APPLE,US,com.gambit.blwbaby.2024, ,iOS,BLW Tracker - Baby Led,1,1.0,2026-05-04
6758321287,05/04/2026,,Health & Fitness, ,DO, ,USD,0.00,Joao Victor Flores da Costa,0.00,iPhone,05/04/2026, , , , , ,1F, ,APPLE,US,com.gambit.blwbaby.2024, ,iOS,BLW Tracker - Baby Led,1,1.0,2026-05-04
6758321287,05/03/2026,,Health & Fitness, ,CA, ,CAD,0.00,Joao Victor Flores da Costa,0.00,iPhone,05/03/2026, , , , , ,1F, ,APPLE,US,com.gambit.blwbaby.2024, ,iOS,BLW Tracker - Baby Led,1,1.0,2026-05-03
6758321287,05/03/2026,,Health & Fitness, ,EC, ,USD,0.00,Joao Victor Flores da Costa,0.00,iPhone,05/03/2026, , , , , ,1F, ,APPLE,US,com.gambit.blwbaby.2024, ,iOS,BLW Tracker - Baby Led,1,1.0,2026-05-03
6758321287,05/03/2026,,Health & Fitness, ,ES, ,EUR,0.00,Joao Victor Flores da Costa,0.00,iPhone,05/03/2026, , , , , ,1F, ,APPLE,US,com.gambit.blwbaby.2024, ,iOS,BLW Tracker - Baby Led,1,1.0,2026-05-03
6758321287,05/02/2026,,Health & Fitness, ,US, ,USD,0.00,Joao Victor Flores da Costa,0.00,iPhone,05/02/2026, , , , , ,1F, ,APPLE,US,com.gambit.blwbaby.2024, ,iOS,BLW Tracker - Baby Led,1,1.0,2026-05-02
6758321287,05/02/2026,,Health & Fitness, ,ES, ,EUR,0.00,Joao Victor Flores da Costa,0.00,iPhone,05/02/2026, , , , , ,1F, ,APPLE,US,com.gambit.blwbaby.2024, ,iOS,BLW Tracker - Baby Led,2,1.0,2026-05-02
6758321287,05/01/2026,,Health & Fitness, ,US, ,USD,0.00,Joao Victor Flores da Costa,0.00,Desktop,05/01/2026, , , , , ,1F, ,APPLE,US,com.gambit.blwbaby.2024, ,iOS,BLW Tracker - Baby Led,1,1.0,2026-05-01
6758321287,05/01/2026,,Health & Fitness, ,ES, ,EUR,0.00,Joao Victor Flores da Costa,0.00,iPhone,05/01/2026, , , , , ,1F, ,APPLE,US,com.gambit.blwbaby.2024, ,iOS,BLW Tracker - Baby Led,1,1.0,2026-05-01
6758321287,05/01/2026,,Health & Fitness, ,BR, ,BRL,0.00,Joao Victor Flores da Costa,0.00,iPhone,05/01/2026, , , , , ,1F, ,APPLE,US,com.gambit.blwbaby.2024, ,iOS,BLW Tracker - Baby Led,1,1.0,2026-05-01
6758321287,04/30/2026,,Health & Fitness, ,BR, ,BRL,0.00,Joao Victor Flores da Costa,0.00,iPhone,04/30/2026, , , , , ,1F, ,APPLE,US,com.gambit.blwbaby.2024, ,iOS,BLW Tracker - Baby Led,2,1.0,2026-04-30
6758321287,04/30/2026,,Health & Fitness, ,ES, ,EUR,0.00,Joao Victor Flores da Costa,0.00,iPhone,04/30/2026, , , , , ,1F, ,APPLE,US,com.gambit.blwbaby.2024, ,iOS,BLW Tracker - Baby Led,1,1.0,2026-04-30
6758321287,04/30/2026,,Health & Fitness, ,MX, ,MXN,0.00,Joao Victor Flores da Costa,0.00,iPhone,04/30/2026, , , , , ,1F, ,APPLE,US,com.gambit.blwbaby.2024, ,iOS,BLW Tracker - Baby Led,1,1.0,2026-04-30
6758321287,04/30/2026,,Health & Fitness, ,CL, ,CLP,0.00,Joao Victor Flores da Costa,0.00,iPhone,04/30/2026, , , , , ,1F, ,APPLE,US,com.gambit.blwbaby.2024, ,iOS,BLW Tracker - Baby Led,1,1.0,2026-04-30
6758321287,04/30/2026,,Health & Fitness, ,GT, ,USD,0.00,Joao Victor Flores da Costa,0.00,iPhone,04/30/2026, , , , , ,1F, ,APPLE,US,com.gambit.blwbaby.2024, ,iOS,BLW Tracker - Baby Led,1,1.0,2026-04-30
6758321287,04/30/2026,,Health & Fitness, ,US, ,USD,0.00,Joao Victor Flores da Costa,0.00,iPhone,04/30/2026, , , , , ,1F, ,APPLE,US,com.gambit.blwbaby.2024, ,iOS,BLW Tracker - Baby Led,2,1.0,2026-04-30
6758321287,04/29/2026,,Health & Fitness, ,ES, ,EUR,0.00,Joao Victor Flores da Costa,0.00,iPhone,04/29/2026, , , , , ,1F, ,APPLE,US,com.gambit.blwbaby.2024, ,iOS,BLW Tracker - Baby Led,4,1.0,2026-04-29
6758321287,04/29/2026,,Health & Fitness, ,DO, ,USD,0.00,Joao Victor Flores da Costa,0.00,iPhone,04/29/2026, , , , , ,1F, ,APPLE,US,com.gambit.blwbaby.2024, ,iOS,BLW Tracker - Baby Led,2,1.0,2026-04-29
6758321287,04/29/2026,,Health & Fitness, ,CL, ,CLP,0.00,Joao Victor Flores da Costa,0.00,iPhone,04/29/2026, , , , , ,1F, ,APPLE,US,com.gambit.blwbaby.2024, ,iOS,BLW Tracker - Baby Led,1,1.0,2026-04-29
6758321287,04/28/2026,,Health & Fitness, ,DO, ,USD,0.00,Joao Victor Flores da Costa,0.00,iPhone,04/28/2026, , , , , ,1F, ,APPLE,US,com.gambit.blwbaby.2024, ,iOS,BLW Tracker - Baby Led,1,1.0,2026-04-28
6758321287,04/27/2026,,Health & Fitness, ,BR, ,BRL,0.00,Joao Victor Flores da Costa,0.00,iPhone,04/27/2026, , , , , ,1F, ,APPLE,US,com.gambit.blwbaby.2024, ,iOS,BLW Tracker - Baby Led,3,1.0,2026-04-27
6758321287,04/27/2026,,Health & Fitness, ,EC, ,USD,0.00,Joao Victor Flores da Costa,0.00,iPhone,04/27/2026, , , , , ,1F, ,APPLE,US,com.gambit.blwbaby.2024, ,iOS,BLW Tracker - Baby Led,1,1.0,2026-04-27
6758321287,04/27/2026,,Health & Fitness, ,BR,BRL,BRL,0.00,Joao Victor Flores da Costa,0.00,iPhone,04/27/2026, , , , , ,3F, ,APPLE,US,com.gambit.blwbaby.2024, ,iOS,BLW Tracker - Baby Led,1,1.0,2026-04-27
6758321287,04/27/2026,,Health & Fitness, ,CL, ,CLP,0.00,Joao Victor Flores da Costa,0.00,iPhone,04/27/2026, , , , , ,1F, ,APPLE,US,com.gambit.blwbaby.2024, ,iOS,BLW Tracker - Baby Led,1,1.0,2026-04-27
6758321287,04/27/2026,,Health & Fitness, ,US, ,USD,0.00,Joao Victor Flores da Costa,0.00,iPhone,04/27/2026, , , , , ,1F, ,APPLE,US,com.gambit.blwbaby.2024, ,iOS,BLW Tracker - Baby Led,3,1.0,2026-04-27
6758321287,04/27/2026,,Health & Fitness, ,AR, ,USD,0.00,Joao Victor Flores da Costa,0.00,iPhone,04/27/2026, , , , , ,1F, ,APPLE,US,com.gambit.blwbaby.2024, ,iOS,BLW Tracker - Baby Led,1,1.0,2026-04-27
6758321287,04/27/2026,,Health & Fitness, ,ES, ,EUR,0.00,Joao Victor Flores da Costa,0.00,iPhone,04/27/2026, , , , , ,1F, ,APPLE,US,com.gambit.blwbaby.2024, ,iOS,BLW Tracker - Baby Led,1,1.0,2026-04-27
6758321287,04/26/2026,,Health & Fitness, ,US, ,USD,0.00,Joao Victor Flores da Costa,0.00,Desktop,04/26/2026, , , , , ,1F, ,APPLE,US,com.gambit.blwbaby.2024, ,iOS,BLW Tracker - Baby Led,1,1.0,2026-04-26
6758321287,04/26/2026,,Health & Fitness, ,MX, ,MXN,0.00,Joao Victor Flores da Costa,0.00,iPhone,04/26/2026, , , , , ,1F, ,APPLE,US,com.gambit.blwbaby.2024, ,iOS,BLW Tracker - Baby Led,1,1.0,2026-04-26
6758321287,04/26/2026,,Health & Fitness, ,US, ,USD,0.00,Joao Victor Flores da Costa,0.00,iPhone,04/26/2026, , , , , ,1F, ,APPLE,US,com.gambit.blwbaby.2024, ,iOS,BLW Tracker - Baby Led,2,1.0,2026-04-26
6758321287,04/25/2026,,Health & Fitness, ,NG, ,NGN,0.00,Joao Victor Flores da Costa,0.00,iPhone,04/25/2026, , , , , ,1F, ,APPLE,US,com.gambit.blwbaby.2024, ,iOS,BLW Tracker - Baby Led,1,1.0,2026-04-25
6758321287,04/25/2026,,Health & Fitness, ,US,USD,USD,0.00,Joao Victor Flores da Costa,0.00,iPhone,04/25/2026, , , , , ,3F, ,APPLE,US,com.gambit.blwbaby.2024, ,iOS,BLW Tracker - Baby Led,1,1.0,2026-04-25
6758321287,04/25/2026,,Health & Fitness, ,ES, ,EUR,0.00,Joao Victor Flores da Costa,0.00,iPhone,04/25/2026, , , , , ,1F, ,APPLE,US,com.gambit.blwbaby.2024, ,iOS,BLW Tracker - Baby Led,2,1.0,2026-04-25
6758321287,04/25/2026,,Health & Fitness, ,US, ,USD,0.00,Joao Victor Flores da Costa,0.00,iPhone,04/25/2026, , , , , ,1F, ,APPLE,US,com.gambit.blwbaby.2024, ,iOS,BLW Tracker - Baby Led,1,1.0,2026-04-25
6758321287,04/25/2026,,Health & Fitness, ,BR,BRL,BRL,0.00,Joao Victor Flores da Costa,0.00,iPhone,04/25/2026, , , , , ,3F, ,APPLE,US,com.gambit.blwbaby.2024, ,iOS,BLW Tracker - Baby Led,1,1.0,2026-04-25
6758321287,04/24/2026,,Health & Fitness, ,EC, ,USD,0.00,Joao Victor Flores da Costa,0.00,iPhone,04/24/2026, , , , , ,1F, ,APPLE,US,com.gambit.blwbaby.2024, ,iOS,BLW Tracker - Baby Led,1,1.0,2026-04-24
6758321287,04/24/2026,,Health & Fitness, ,MX,MXN,MXN,0.00,Joao Victor Flores da Costa,0.00,iPhone,04/24/2026, , , , , ,3F, ,APPLE,US,com.gambit.blwbaby.2024, ,iOS,BLW Tracker - Baby Led,1,1.0,2026-04-24
6758321287,04/24/2026,,Health & Fitness, ,US, ,USD,0.00,Joao Victor Flores da Costa,0.00,iPhone,04/24/2026, , , , , ,1F, ,APPLE,US,com.gambit.blwbaby.2024, ,iOS,BLW Tracker - Baby Led,1,1.0,2026-04-24
6758321287,04/24/2026,,Health & Fitness, ,ES, ,EUR,0.00,Joao Victor Flores da Costa,0.00,iPhone,04/24/2026, , , , , ,1F, ,APPLE,US,com.gambit.blwbaby.2024, ,iOS,BLW Tracker - Baby Led,1,1.0,2026-04-24
6758321287,04/24/2026,,Health & Fitness, ,MX, ,MXN,0.00,Joao Victor Flores da Costa,0.00,iPhone,04/24/2026, , , , , ,1F, ,APPLE,US,com.gambit.blwbaby.2024, ,iOS,BLW Tracker - Baby Led,1,1.0,2026-04-24
6758321287,04/23/2026,,Health & Fitness, ,BR, ,BRL,0.00,Joao Victor Flores da Costa,0.00,iPhone,04/23/2026, , , , , ,1F, ,APPLE,US,com.gambit.blwbaby.2024, ,iOS,BLW Tracker - Baby Led,2,1.0,2026-04-23
6758321287,04/23/2026,,Health & Fitness, ,CO, ,COP,0.00,Joao Victor Flores da Costa,0.00,iPhone,04/23/2026, , , , , ,1F, ,APPLE,US,com.gambit.blwbaby.2024, ,iOS,BLW Tracker - Baby Led,2,1.0,2026-04-23
6758321287,04/23/2026,,Health & Fitness, ,MY, ,MYR,0.00,Joao Victor Flores da Costa,0.00,iPhone,04/23/2026, , , , , ,1F, ,APPLE,US,com.gambit.blwbaby.2024, ,iOS,BLW Tracker - Baby Led,1,1.0,2026-04-23
6758321287,04/23/2026,,Health & Fitness, ,TT, ,USD,0.00,Joao Victor Flores da Costa,0.00,iPhone,04/23/2026, , , , , ,1F, ,APPLE,US,com.gambit.blwbaby.2024, ,iOS,BLW Tracker - Baby Led,1,1.0,2026-04-23
6758321287,04/23/2026,,Health & Fitness, ,DO, ,USD,0.00,Joao Victor Flores da Costa,0.00,iPhone,04/23/2026, , , , , ,1F, ,APPLE,US,com.gambit.blwbaby.2024, ,iOS,BLW Tracker - Baby Led,2,1.0,2026-04-23
6758321287,04/23/2026,,Health & Fitness, ,BR,BRL,BRL,0.00,Joao Victor Flores da Costa,0.00,iPhone,04/23/2026, , , , , ,3F, ,APPLE,US,com.gambit.blwbaby.2024, ,iOS,BLW Tracker - Baby Led,1,1.0,2026-04-23
6758321287,04/23/2026,,Health & Fitness, ,CL, ,CLP,0.00,Joao Victor Flores da Costa,0.00,iPhone,04/23/2026, , , , , ,1F, ,APPLE,US,com.gambit.blwbaby.2024, ,iOS,BLW Tracker - Baby Led,1,1.0,2026-04-23
6758321287,04/23/2026,,Health & Fitness, ,MX, ,MXN,0.00,Joao Victor Flores da Costa,0.00,iPhone,04/23/2026, , , , , ,1F, ,APPLE,US,com.gambit.blwbaby.2024, ,iOS,BLW Tracker - Baby Led,1,1.0,2026-04-23
6758321287,04/22/2026,,Health & Fitness, ,MX, ,MXN,0.00,Joao Victor Flores da Costa,0.00,iPhone,04/22/2026, , , , , ,1F, ,APPLE,US,com.gambit.blwbaby.2024, ,iOS,BLW Tracker - Baby Led,1,1.0,2026-04-22
6758321287,04/22/2026,,Health & Fitness, ,PT, ,EUR,0.00,Joao Victor Flores da Costa,0.00,iPhone,04/22/2026, , , , , ,1F, ,APPLE,US,com.gambit.blwbaby.2024, ,iOS,BLW Tracker - Baby Led,1,1.0,2026-04-22
6758321287,04/22/2026,,Health & Fitness, ,DO, ,USD,0.00,Joao Victor Flores da Costa,0.00,iPhone,04/22/2026, , , , , ,1F, ,APPLE,US,com.gambit.blwbaby.2024, ,iOS,BLW Tracker - Baby Led,1,1.0,2026-04-22
6758321287,04/22/2026,,Health & Fitness, ,GB, ,GBP,0.00,Joao Victor Flores da Costa,0.00,iPhone,04/22/2026, , , , , ,1F, ,APPLE,US,com.gambit.blwbaby.2024, ,iOS,BLW Tracker - Baby Led,1,1.0,2026-04-22
6758321287,04/22/2026,,Health & Fitness, ,ES, ,EUR,0.00,Joao Victor Flores da Costa,0.00,iPhone,04/22/2026, , , , , ,1F, ,APPLE,US,com.gambit.blwbaby.2024, ,iOS,BLW Tracker - Baby Led,1,1.0,2026-04-22
6758321287,04/22/2026,,Health & Fitness, ,BR, ,BRL,0.00,Joao Victor Flores da Costa,0.00,iPhone,04/22/2026, , , , , ,1F, ,APPLE,US,com.gambit.blwbaby.2024, ,iOS,BLW Tracker - Baby Led,1,1.0,2026-04-22
6758321287,04/22/2026,,Health & Fitness, ,US, ,USD,0.00,Joao Victor Flores da Costa,0.00,iPhone,04/22/2026, , , , , ,1F, ,APPLE,US,com.gambit.blwbaby.2024, ,iOS,BLW Tracker - Baby Led,1,1.0,2026-04-22
6758321287,04/22/2026,,Health & Fitness, ,AU, ,AUD,0.00,Joao Victor Flores da Costa,0.00,iPhone,04/22/2026, , , , , ,1F, ,APPLE,US,com.gambit.blwbaby.2024, ,iOS,BLW Tracker - Baby Led,1,1.0,2026-04-22
6758321287,04/21/2026,,Health & Fitness, ,ES, ,EUR,0.00,Joao Victor Flores da Costa,0.00,iPhone,04/21/2026, , , , , ,1F, ,APPLE,US,com.gambit.blwbaby.2024, ,iOS,BLW Tracker - Baby Led,1,1.0,2026-04-21
6758321287,04/21/2026,,Health & Fitness, ,CA, ,CAD,0.00,Joao Victor Flores da Costa,0.00,iPhone,04/21/2026, , , , , ,1F, ,APPLE,US,com.gambit.blwbaby.2024, ,iOS,BLW Tracker - Baby Led,1,1.0,2026-04-21
6758321287,04/21/2026,,Health & Fitness, ,DO, ,USD,0.00,Joao Victor Flores da Costa,0.00,iPhone,04/21/2026, , , , , ,1F, ,APPLE,US,com.gambit.blwbaby.2024, ,iOS,BLW Tracker - Baby Led,1,1.0,2026-04-21
6758321287,04/21/2026,,Health & Fitness, ,BR, ,BRL,0.00,Joao Victor Flores da Costa,0.00,iPhone,04/21/2026, , , , , ,1F, ,APPLE,US,com.gambit.blwbaby.2024, ,iOS,BLW Tracker - Baby Led,1,1.0,2026-04-21
6758321287,04/21/2026,,Health & Fitness, ,MX, ,MXN,0.00,Joao Victor Flores da Costa,0.00,iPhone,04/21/2026, , , , , ,1F, ,APPLE,US,com.gambit.blwbaby.2024, ,iOS,BLW Tracker - Baby Led,1,1.0,2026-04-21
6758321287,04/21/2026,,Health & Fitness, ,US, ,USD,0.00,Joao Victor Flores da Costa,0.00,iPhone,04/21/2026, , , , , ,1F, ,APPLE,US,com.gambit.blwbaby.2024, ,iOS,BLW Tracker - Baby Led,2,1.0,2026-04-21
6758321287,04/20/2026,,Health & Fitness, ,BR, ,BRL,0.00,Joao Victor Flores da Costa,0.00,iPhone,04/20/2026, , , , , ,1F, ,APPLE,US,com.gambit.blwbaby.2024, ,iOS,BLW Tracker - Baby Led,1,1.0,2026-04-20
6758321287,04/20/2026,,Health & Fitness, ,ES, ,EUR,0.00,Joao Victor Flores da Costa,0.00,iPhone,04/20/2026, , , , , ,1F, ,APPLE,US,com.gambit.blwbaby.2024, ,iOS,BLW Tracker - Baby Led,2,1.0,2026-04-20
6758321287,04/20/2026,,Health & Fitness, ,CL, ,CLP,0.00,Joao Victor Flores da Costa,0.00,iPhone,04/20/2026, , , , , ,1F, ,APPLE,US,com.gambit.blwbaby.2024, ,iOS,BLW Tracker - Baby Led,1,1.0,2026-04-20
6758321287,04/19/2026,,Health & Fitness, ,MX, ,MXN,0.00,Joao Victor Flores da Costa,0.00,iPhone,04/19/2026, , , , , ,1F, ,APPLE,US,com.gambit.blwbaby.2024, ,iOS,BLW Tracker - Baby Led,1,1.0,2026-04-19
6758321287,04/19/2026,,Health & Fitness, ,DO, ,USD,0.00,Joao Victor Flores da Costa,0.00,iPhone,04/19/2026, , , , , ,1F, ,APPLE,US,com.gambit.blwbaby.2024, ,iOS,BLW Tracker - Baby Led,1,1.0,2026-04-19
6758321287,04/19/2026,,Health & Fitness, ,PH, ,PHP,0.00,Joao Victor Flores da Costa,0.00,iPhone,04/19/2026, , , , , ,1F, ,APPLE,US,com.gambit.blwbaby.2024, ,iOS,BLW Tracker - Baby Led,1,1.0,2026-04-19
6758321287,04/19/2026,,Health & Fitness, ,US, ,USD,0.00,Joao Victor Flores da Costa,0.00,iPhone,04/19/2026, , , , , ,1F, ,APPLE,US,com.gambit.blwbaby.2024, ,iOS,BLW Tracker - Baby Led,2,1.0,2026-04-19
6758321287,04/19/2026,,Health & Fitness, ,ES,EUR,EUR,0.00,Joao Victor Flores da Costa,0.00,iPhone,04/19/2026, , , , , ,3F, ,APPLE,US,com.gambit.blwbaby.2024, ,iOS,BLW Tracker - Baby Led,1,1.0,2026-04-19
6758321287,04/19/2026,,Health & Fitness, ,EC, ,USD,0.00,Joao Victor Flores da Costa,0.00,iPhone,04/19/2026, , , , , ,1F, ,APPLE,US,com.gambit.blwbaby.2024, ,iOS,BLW Tracker - Baby Led,1,1.0,2026-04-19
6758321287,04/19/2026,,Health & Fitness, ,ES, ,EUR,0.00,Joao Victor Flores da Costa,0.00,iPhone,04/19/2026, , , , , ,1F, ,APPLE,US,com.gambit.blwbaby.2024, ,iOS,BLW Tracker - Baby Led,2,1.0,2026-04-19
6758321287,04/18/2026,,Health & Fitness, ,ES, ,EUR,0.00,Joao Victor Flores da Costa,0.00,iPhone,04/18/2026, , , , , ,1F, ,APPLE,US,com.gambit.blwbaby.2024, ,iOS,BLW Tracker - Baby Led,3,1.0,2026-04-18
6758321287,04/17/2026,,Health & Fitness, ,BR, ,BRL,0.00,Joao Victor Flores da Costa,0.00,iPhone,04/17/2026, , , , , ,1F, ,APPLE,US,com.gambit.blwbaby.2024, ,iOS,BLW Tracker - Baby Led,1,1.0,2026-04-17
6758321287,04/17/2026,,Health & Fitness, ,CO, ,COP,0.00,Joao Victor Flores da Costa,0.00,iPhone,04/17/2026, , , , , ,1F, ,APPLE,US,com.gambit.blwbaby.2024, ,iOS,BLW Tracker - Baby Led,1,1.0,2026-04-17
6758321287,04/16/2026,,Health & Fitness, ,CO, ,COP,0.00,Joao Victor Flores da Costa,0.00,iPhone,04/16/2026, , , , , ,1F, ,APPLE,US,com.gambit.blwbaby.2024, ,iOS,BLW Tracker - Baby Led,1,1.0,2026-04-16
6758321287,04/16/2026,,Health & Fitness, ,BR, ,BRL,0.00,Joao Victor Flores da Costa,0.00,iPhone,04/16/2026, , , , , ,1F, ,APPLE,US,com.gambit.blwbaby.2024, ,iOS,BLW Tracker - Baby Led,2,1.0,2026-04-16
6758321287,04/16/2026,,Health & Fitness, ,EC, ,USD,0.00,Joao Victor Flores da Costa,0.00,iPhone,04/16/2026, , , , , ,1F, ,APPLE,US,com.gambit.blwbaby.2024, ,iOS,BLW Tracker - Baby Led,1,1.0,2026-04-16
6758321287,04/16/2026,,Health & Fitness, ,ES, ,EUR,0.00,Joao Victor Flores da Costa,0.00,iPhone,04/16/2026, , , , , ,1F, ,APPLE,US,com.gambit.blwbaby.2024, ,iOS,BLW Tracker - Baby Led,2,1.0,2026-04-16
6758321287,04/15/2026,,Health & Fitness, ,US, ,USD,0.00,Joao Victor Flores da Costa,0.00,iPhone,04/15/2026, , , , , ,1F, ,APPLE,US,com.gambit.blwbaby.2024, ,iOS,BLW Tracker - Baby Led,1,1.0,2026-04-15
6758321287,04/15/2026,,Health & Fitness, ,BR, ,BRL,0.00,Joao Victor Flores da Costa,0.00,iPhone,04/15/2026, , , , , ,1F, ,APPLE,US,com.gambit.blwbaby.2024, ,iOS,BLW Tracker - Baby Led,1,1.0,2026-04-15
6758321287,04/15/2026,,Health & Fitness, ,MX, ,MXN,0.00,Joao Victor Flores da Costa,0.00,iPhone,04/15/2026, , , , , ,1F, ,APPLE,US,com.gambit.blwbaby.2024, ,iOS,BLW Tracker - Baby Led,1,1.0,2026-04-15
6758321287,04/15/2026,,Health & Fitness, ,US,USD,USD,0.00,Joao Victor Flores da Costa,0.00,iPhone,04/15/2026, , , , , ,3F, ,APPLE,US,com.gambit.blwbaby.2024, ,iOS,BLW Tracker - Baby Led,1,1.0,2026-04-15
6758321287,04/15/2026,,Health & Fitness, ,ES, ,EUR,0.00,Joao Victor Flores da Costa,0.00,iPhone,04/15/2026, , , , , ,1F, ,APPLE,US,com.gambit.blwbaby.2024, ,iOS,BLW Tracker - Baby Led,2,1.0,2026-04-15
6758321287,04/14/2026,,Health & Fitness, ,ES, ,EUR,0.00,Joao Victor Flores da Costa,0.00,iPhone,04/14/2026, , , , , ,1F, ,APPLE,US,com.gambit.blwbaby.2024, ,iOS,BLW Tracker - Baby Led,1,1.0,2026-04-14
6758321287,04/14/2026,,Health & Fitness, ,CH, ,CHF,0.00,Joao Victor Flores da Costa,0.00,iPhone,04/14/2026, , , , , ,1F, ,APPLE,US,com.gambit.blwbaby.2024, ,iOS,BLW Tracker - Baby Led,1,1.0,2026-04-14
6758321287,04/14/2026,,Health & Fitness, ,PT,EUR,EUR,0.00,Joao Victor Flores da Costa,0.00,iPhone,04/14/2026, , , , , ,3F, ,APPLE,US,com.gambit.blwbaby.2024, ,iOS,BLW Tracker - Baby Led,1,1.0,2026-04-14
6758321287,04/14/2026,,Health & Fitness, ,BR, ,BRL,0.00,Joao Victor Flores da Costa,0.00,iPhone,04/14/2026, , , , , ,1F, ,APPLE,US,com.gambit.blwbaby.2024, ,iOS,BLW Tracker - Baby Led,1,1.0,2026-04-14
6758321287,04/14/2026,,Health & Fitness, ,MX, ,MXN,0.00,Joao Victor Flores da Costa,0.00,iPhone,04/14/2026, , , , , ,1F, ,APPLE,US,com.gambit.blwbaby.2024, ,iOS,BLW Tracker - Baby Led,1,1.0,2026-04-14
6758321287,04/14/2026,,Health & Fitness, ,DO, ,USD,0.00,Joao Victor Flores da Costa,0.00,iPhone,04/14/2026, , , , , ,1F, ,APPLE,US,com.gambit.blwbaby.2024, ,iOS,BLW Tracker - Baby Led,1,1.0,2026-04-14
6758321287,04/14/2026,,Health & Fitness, ,CR, ,USD,0.00,Joao Victor Flores da Costa,0.00,iPhone,04/14/2026, , , , , ,1F, ,APPLE,US,com.gambit.blwbaby.2024, ,iOS,BLW Tracker - Baby Led,2,1.0,2026-04-14
6758321287,04/13/2026,,Health & Fitness, ,ES, ,EUR,0.00,Joao Victor Flores da Costa,0.00,iPhone,04/13/2026, , , , , ,1F, ,APPLE,US,com.gambit.blwbaby.2024, ,iOS,BLW Tracker - Baby Led,3,1.0,2026-04-13
6758321287,04/13/2026,,Health & Fitness, ,CO, ,COP,0.00,Joao Victor Flores da Costa,0.00,iPhone,04/13/2026, , , , , ,1F, ,APPLE,US,com.gambit.blwbaby.2024, ,iOS,BLW Tracker - Baby Led,1,1.0,2026-04-13
6758321287,04/13/2026,,Health & Fitness, ,US, ,USD,0.00,Joao Victor Flores da Costa,0.00,iPhone,04/13/2026, , , , , ,1F, ,APPLE,US,com.gambit.blwbaby.2024, ,iOS,BLW Tracker - Baby Led,1,1.0,2026-04-13
6758321287,04/13/2026,,Health & Fitness, ,GB, ,GBP,0.00,Joao Victor Flores da Costa,0.00,iPhone,04/13/2026, , , , , ,1F, ,APPLE,US,com.gambit.blwbaby.2024, ,iOS,BLW Tracker - Baby Led,1,1.0,2026-04-13
6758321287,04/13/2026,,Health & Fitness, ,BR, ,BRL,0.00,Joao Victor Flores da Costa,0.00,iPhone,04/13/2026, , , , , ,1F, ,APPLE,US,com.gambit.blwbaby.2024, ,iOS,BLW Tracker - Baby Led,1,1.0,2026-04-13
6758321287,04/13/2026,,Health & Fitness, ,AR, ,USD,0.00,Joao Victor Flores da Costa,0.00,iPhone,04/13/2026, , , , , ,1F, ,APPLE,US,com.gambit.blwbaby.2024, ,iOS,BLW Tracker - Baby Led,1,1.0,2026-04-13
6758321287,04/12/2026,,Health & Fitness, ,BR, ,BRL,0.00,Joao Victor Flores da Costa,0.00,iPhone,04/12/2026, , , , , ,1F, ,APPLE,US,com.gambit.blwbaby.2024, ,iOS,BLW Tracker - Baby Led,1,1.0,2026-04-12
6758321287,04/12/2026,,Health & Fitness, ,US, ,USD,0.00,Joao Victor Flores da Costa,0.00,iPhone,04/12/2026, , , , , ,1F, ,APPLE,US,com.gambit.blwbaby.2024, ,iOS,BLW Tracker - Baby Led,1,1.0,2026-04-12
6758321287,04/12/2026,,Health & Fitness, ,ES,EUR,EUR,0.00,Joao Victor Flores da Costa,0.00,iPhone,04/12/2026, , , , , ,3F, ,APPLE,US,com.gambit.blwbaby.2024, ,iOS,BLW Tracker - Baby Led,1,1.0,2026-04-12
6758321287,04/12/2026,,Health & Fitness, ,HN, ,USD,0.00,Joao Victor Flores da Costa,0.00,iPhone,04/12/2026, , , , , ,1F, ,APPLE,US,com.gambit.blwbaby.2024, ,iOS,BLW Tracker - Baby Led,1,1.0,2026-04-12
6758321287,04/11/2026,,Health & Fitness, ,AR, ,USD,0.00,Joao Victor Flores da Costa,0.00,iPhone,04/11/2026, , , , , ,1F, ,APPLE,US,com.gambit.blwbaby.2024, ,iOS,BLW Tracker - Baby Led,1,1.0,2026-04-11
6758321287,04/11/2026,,Health & Fitness, ,PT, ,EUR,0.00,Joao Victor Flores da Costa,0.00,iPhone,04/11/2026, , , , , ,1F, ,APPLE,US,com.gambit.blwbaby.2024, ,iOS,BLW Tracker - Baby Led,1,1.0,2026-04-11
6758321287,04/11/2026,,Health & Fitness, ,CO, ,COP,0.00,Joao Victor Flores da Costa,0.00,iPhone,04/11/2026, , , , , ,1F, ,APPLE,US,com.gambit.blwbaby.2024, ,iOS,BLW Tracker - Baby Led,1,1.0,2026-04-11
6758321287,04/11/2026,,Health & Fitness, ,US, ,USD,0.00,Joao Victor Flores da Costa,0.00,iPhone,04/11/2026, , , , , ,1F, ,APPLE,US,com.gambit.blwbaby.2024, ,iOS,BLW Tracker - Baby Led,1,1.0,2026-04-11
6758321287,04/11/2026,,Health & Fitness, ,ES, ,EUR,0.00,Joao Victor Flores da Costa,0.00,iPhone,04/11/2026, , , , , ,1F, ,APPLE,US,com.gambit.blwbaby.2024, ,iOS,BLW Tracker - Baby Led,1,1.0,2026-04-11
6758321287,04/10/2026,,Health & Fitness, ,BR, ,BRL,0.00,Joao Victor Flores da Costa,0.00,iPhone,04/10/2026, , , , , ,1F, ,APPLE,US,com.gambit.blwbaby.2024, ,iOS,BLW Tracker - Baby Led,1,1.0,2026-04-10
6758321287,04/10/2026,,Health & Fitness, ,ES, ,EUR,0.00,Joao Victor Flores da Costa,0.00,iPhone,04/10/2026, , , , , ,1F, ,APPLE,US,com.gambit.blwbaby.2024, ,iOS,BLW Tracker - Baby Led,1,1.0,2026-04-10
6758321287,04/10/2026,,Health & Fitness, ,CO, ,COP,0.00,Joao Victor Flores da Costa,0.00,iPhone,04/10/2026, , , , , ,1F, ,APPLE,US,com.gambit.blwbaby.2024, ,iOS,BLW Tracker - Baby Led,1,1.0,2026-04-10
6758321287,04/09/2026,,Health & Fitness, ,BR, ,BRL,0.00,Joao Victor Flores da Costa,0.00,iPhone,04/09/2026, , , , , ,1F, ,APPLE,US,com.gambit.blwbaby.2024, ,iOS,BLW Tracker - Baby Led,1,1.0,2026-04-09
6758321287,04/09/2026,,Health & Fitness, ,CR,USD,USD,0.00,Joao Victor Flores da Costa,0.00,iPhone,04/09/2026, , , , , ,3F, ,APPLE,US,com.gambit.blwbaby.2024, ,iOS,BLW Tracker - Baby Led,1,1.0,2026-04-09
6758321287,04/09/2026,,Health & Fitness, ,MX, ,MXN,0.00,Joao Victor Flores da Costa,0.00,iPhone,04/09/2026, , , , , ,1F, ,APPLE,US,com.gambit.blwbaby.2024, ,iOS,BLW Tracker - Baby Led,1,1.0,2026-04-09
6758321287,04/08/2026,,Health & Fitness, ,US, ,USD,0.00,Joao Victor Flores da Costa,0.00,iPhone,04/08/2026, , , , , ,1F, ,APPLE,US,com.gambit.blwbaby.2024, ,iOS,BLW Tracker - Baby Led,1,1.0,2026-04-08
6758321287,04/08/2026,,Health & Fitness, ,ES, ,EUR,0.00,Joao Victor Flores da Costa,0.00,iPhone,04/08/2026, , , , , ,1F, ,APPLE,US,com.gambit.blwbaby.2024, ,iOS,BLW Tracker - Baby Led,1,1.0,2026-04-08
6758321287,04/08/2026,,Health & Fitness, ,MX,MXN,MXN,0.00,Joao Victor Flores da Costa,0.00,iPhone,04/08/2026, , , , , ,3F, ,APPLE,US,com.gambit.blwbaby.2024, ,iOS,BLW Tracker - Baby Led,2,1.0,2026-04-08
6758321287,04/08/2026,,Health & Fitness, ,MX, ,MXN,0.00,Joao Victor Flores da Costa,0.00,iPhone,04/08/2026, , , , , ,1F, ,APPLE,US,com.gambit.blwbaby.2024, ,iOS,BLW Tracker - Baby Led,2,1.0,2026-04-08
6758321287,04/07/2026,,Health & Fitness, ,US, ,USD,0.00,Joao Victor Flores da Costa,0.00,iPhone,04/07/2026, , , , , ,1F, ,APPLE,US,com.gambit.blwbaby.2024, ,iOS,BLW Tracker - Baby Led,3,1.0,2026-04-07
6758321287,04/07/2026,,Health & Fitness, ,BR, ,BRL,0.00,Joao Victor Flores da Costa,0.00,iPhone,04/07/2026, , , , , ,1F, ,APPLE,US,com.gambit.blwbaby.2024, ,iOS,BLW Tracker - Baby Led,2,1.0,2026-04-07
6758321287,04/07/2026,,Health & Fitness, ,ES, ,EUR,0.00,Joao Victor Flores da Costa,0.00,iPhone,04/07/2026, , , , , ,1F, ,APPLE,US,com.gambit.blwbaby.2024, ,iOS,BLW Tracker - Baby Led,1,1.0,2026-04-07
6758321287,04/07/2026,,Health & Fitness, ,VE, ,USD,0.00,Joao Victor Flores da Costa,0.00,iPhone,04/07/2026, , , , , ,1F, ,APPLE,US,com.gambit.blwbaby.2024, ,iOS,BLW Tracker - Baby Led,1,1.0,2026-04-07
6758321287,04/06/2026,,Health & Fitness, ,CR, ,USD,0.00,Joao Victor Flores da Costa,0.00,iPhone,04/06/2026, , , , , ,1F, ,APPLE,US,com.gambit.blwbaby.2024, ,iOS,BLW Tracker - Baby Led,1,1.0,2026-04-06
6758321287,04/06/2026,,Health & Fitness, ,ES, ,EUR,0.00,Joao Victor Flores da Costa,0.00,iPhone,04/06/2026, , , , , ,1F, ,APPLE,US,com.gambit.blwbaby.2024, ,iOS,BLW Tracker - Baby Led,3,1.0,2026-04-06
6758321287,04/05/2026,,Health & Fitness, ,ES, ,EUR,0.00,Joao Victor Flores da Costa,0.00,iPhone,04/05/2026, , , , , ,1F, ,APPLE,US,com.gambit.blwbaby.2024, ,iOS,BLW Tracker - Baby Led,1,1.0,2026-04-05
6758321287,04/05/2026,,Health & Fitness, ,CO, ,COP,0.00,Joao Victor Flores da Costa,0.00,iPhone,04/05/2026, , , , , ,1F, ,APPLE,US,com.gambit.blwbaby.2024, ,iOS,BLW Tracker - Baby Led,1,1.0,2026-04-05
6758321287,04/05/2026,,Health & Fitness, ,BR, ,BRL,0.00,Joao Victor Flores da Costa,0.00,iPhone,04/05/2026, , , , , ,1F, ,APPLE,US,com.gambit.blwbaby.2024, ,iOS,BLW Tracker - Baby Led,1,1.0,2026-04-05
6758321287,04/05/2026,,Health & Fitness, ,US, ,USD,0.00,Joao Victor Flores da Costa,0.00,iPhone,04/05/2026, , , , , ,1F, ,APPLE,US,com.gambit.blwbaby.2024, ,iOS,BLW Tracker - Baby Led,1,1.0,2026-04-05
6758321287,04/05/2026,,Health & Fitness, ,MX, ,MXN,0.00,Joao Victor Flores da Costa,0.00,iPhone,04/05/2026, , , , , ,1F, ,APPLE,US,com.gambit.blwbaby.2024, ,iOS,BLW Tracker - Baby Led,1,1.0,2026-04-05
6758321287,04/04/2026,,Health & Fitness, ,US, ,USD,0.00,Joao Victor Flores da Costa,0.00,iPhone,04/04/2026, , , , , ,1F, ,APPLE,US,com.gambit.blwbaby.2024, ,iOS,BLW Tracker - Baby Led,2,1.0,2026-04-04
6758321287,04/04/2026,,Health & Fitness, ,PT, ,EUR,0.00,Joao Victor Flores da Costa,0.00,iPhone,04/04/2026, , , , , ,1F, ,APPLE,US,com.gambit.blwbaby.2024, ,iOS,BLW Tracker - Baby Led,1,1.0,2026-04-04
6758321287,04/04/2026,,Health & Fitness, ,MX, ,MXN,0.00,Joao Victor Flores da Costa,0.00,iPhone,04/04/2026, , , , , ,1F, ,APPLE,US,com.gambit.blwbaby.2024, ,iOS,BLW Tracker - Baby Led,1,1.0,2026-04-04
6758321287,04/03/2026,,Health & Fitness, ,ES, ,EUR,0.00,Joao Victor Flores da Costa,0.00,iPhone,04/03/2026, , , , , ,1F, ,APPLE,US,com.gambit.blwbaby.2024, ,iOS,BLW Tracker - Baby Led,1,1.0,2026-04-03
6758321287,04/03/2026,,Health & Fitness, ,BR, ,BRL,0.00,Joao Victor Flores da Costa,0.00,iPhone,04/03/2026, , , , , ,1F, ,APPLE,US,com.gambit.blwbaby.2024, ,iOS,BLW Tracker - Baby Led,1,1.0,2026-04-03
6758321287,04/03/2026,,Health & Fitness, ,US, ,USD,0.00,Joao Victor Flores da Costa,0.00,iPhone,04/03/2026, , , , , ,1F, ,APPLE,US,com.gambit.blwbaby.2024, ,iOS,BLW Tracker - Baby Led,1,1.0,2026-04-03
6758321287,04/03/2026,,Health & Fitness, ,MX, ,MXN,0.00,Joao Victor Flores da Costa,0.00,iPhone,04/03/2026, , , , , ,1F, ,APPLE,US,com.gambit.blwbaby.2024, ,iOS,BLW Tracker - Baby Led,1,1.0,2026-04-03
6758321287,04/02/2026,,Health & Fitness, ,EC, ,USD,0.00,Joao Victor Flores da Costa,0.00,iPhone,04/02/2026, , , , , ,1F, ,APPLE,US,com.gambit.blwbaby.2024, ,iOS,BLW Tracker - Baby Led,1,1.0,2026-04-02
6758321287,04/02/2026,,Health & Fitness, ,US, ,USD,0.00,Joao Victor Flores da Costa,0.00,iPhone,04/02/2026, , , , , ,1F, ,APPLE,US,com.gambit.blwbaby.2024, ,iOS,BLW Tracker - Baby Led,1,1.0,2026-04-02
6758321287,04/02/2026,,Health & Fitness, ,MX, ,MXN,0.00,Joao Victor Flores da Costa,0.00,iPhone,04/02/2026, , , , , ,1F, ,APPLE,US,com.gambit.blwbaby.2024, ,iOS,BLW Tracker - Baby Led,1,1.0,2026-04-02
6758321287,04/01/2026,,Health & Fitness, ,BR, ,BRL,0.00,Joao Victor Flores da Costa,0.00,iPhone,04/01/2026, , , , , ,1F, ,APPLE,US,com.gambit.blwbaby.2024, ,iOS,BLW Tracker - Baby Led,1,1.0,2026-04-01
6758321287,04/01/2026,,Health & Fitness, ,US, ,USD,0.00,Joao Victor Flores da Costa,0.00,iPhone,04/01/2026, , , , , ,1F, ,APPLE,US,com.gambit.blwbaby.2024, ,iOS,BLW Tracker - Baby Led,2,1.0,2026-04-01
6758321287,04/01/2026,,Health & Fitness, ,JM, ,USD,0.00,Joao Victor Flores da Costa,0.00,iPhone,04/01/2026, , , , , ,1F, ,APPLE,US,com.gambit.blwbaby.2024, ,iOS,BLW Tracker - Baby Led,1,1.0,2026-04-01
6758321287,03/31/2026,,Health & Fitness, ,PT, ,EUR,0.00,Joao Victor Flores da Costa,0.00,iPhone,03/31/2026, , , , , ,1F, ,APPLE,US,com.gambit.blwbaby.2024, ,iOS,BLW Tracker - Baby Led,1,1.0,2026-03-31
6758321287,03/30/2026,,Health & Fitness, ,BR, ,BRL,0.00,Joao Victor Flores da Costa,0.00,iPhone,03/30/2026, , , , , ,1F, ,APPLE,US,com.gambit.blwbaby.2024, ,iOS,BLW Tracker - Baby Led,1,1.0,2026-03-30
6758321287,03/30/2026,,Health & Fitness, ,US, ,USD,0.00,Joao Victor Flores da Costa,0.00,iPhone,03/30/2026, , , , , ,1F, ,APPLE,US,com.gambit.blwbaby.2024, ,iOS,BLW Tracker - Baby Led,1,1.0,2026-03-30
6758321287,03/29/2026,,Health & Fitness, ,US, ,USD,0.00,Joao Victor Flores da Costa,0.00,iPhone,03/29/2026, , , , , ,1F, ,APPLE,US,com.gambit.blwbaby.2024, ,iOS,BLW Tracker - Baby Led,1,1.0,2026-03-29
6758321287,03/29/2026,,Health & Fitness, ,AU, ,AUD,0.00,Joao Victor Flores da Costa,0.00,iPhone,03/29/2026, , , , , ,1F, ,APPLE,US,com.gambit.blwbaby.2024, ,iOS,BLW Tracker - Baby Led,2,1.0,2026-03-29
6758321287,03/29/2026,,Health & Fitness, ,ES, ,EUR,0.00,Joao Victor Flores da Costa,0.00,iPhone,03/29/2026, , , , , ,1F, ,APPLE,US,com.gambit.blwbaby.2024, ,iOS,BLW Tracker - Baby Led,1,1.0,2026-03-29
6758321287,03/29/2026,,Health & Fitness, ,MX, ,MXN,0.00,Joao Victor Flores da Costa,0.00,iPhone,03/29/2026, , , , , ,1F, ,APPLE,US,com.gambit.blwbaby.2024, ,iOS,BLW Tracker - Baby Led,1,1.0,2026-03-29
6758321287,03/28/2026,,Health & Fitness, ,US, ,USD,0.00,Joao Victor Flores da Costa,0.00,iPhone,03/28/2026, , , , , ,1F, ,APPLE,US,com.gambit.blwbaby.2024, ,iOS,BLW Tracker - Baby Led,1,1.0,2026-03-28
6758321287,03/28/2026,,Health & Fitness, ,CO, ,COP,0.00,Joao Victor Flores da Costa,0.00,iPhone,03/28/2026, , , , , ,1F, ,APPLE,US,com.gambit.blwbaby.2024, ,iOS,BLW Tracker - Baby Led,1,1.0,2026-03-28
6758321287,03/27/2026,,Health & Fitness, ,AU, ,AUD,0.00,Joao Victor Flores da Costa,0.00,iPhone,03/27/2026, , , , , ,1F, ,APPLE,US,com.gambit.blwbaby.2024, ,iOS,BLW Tracker - Baby Led,1,1.0,2026-03-27
6758321287,03/27/2026,,Health & Fitness, ,CO, ,COP,0.00,Joao Victor Flores da Costa,0.00,iPhone,03/27/2026, , , , , ,1F, ,APPLE,US,com.gambit.blwbaby.2024, ,iOS,BLW Tracker - Baby Led,1,1.0,2026-03-27
6758321287,03/26/2026,,Health & Fitness, ,US, ,USD,0.00,Joao Victor Flores da Costa,0.00,iPhone,03/26/2026, , , , , ,1F, ,APPLE,US,com.gambit.blwbaby.2024, ,iOS,BLW Tracker - Baby Led,1,1.0,2026-03-26
6758321287,03/26/2026,,Health & Fitness, ,BR, ,BRL,0.00,Joao Victor Flores da Costa,0.00,iPhone,03/26/2026, , , , , ,1F, ,APPLE,US,com.gambit.blwbaby.2024, ,iOS,BLW Tracker - Baby Led,1,1.0,2026-03-26
6758321287,03/26/2026,,Health & Fitness, ,RO, ,RON,0.00,Joao Victor Flores da Costa,0.00,iPhone,03/26/2026, , , , , ,1F, ,APPLE,US,com.gambit.blwbaby.2024, ,iOS,BLW Tracker - Baby Led,1,1.0,2026-03-26
6758321287,03/26/2026,,Health & Fitness, ,PT, ,EUR,0.00,Joao Victor Flores da Costa,0.00,iPhone,03/26/2026, , , , , ,1F, ,APPLE,US,com.gambit.blwbaby.2024, ,iOS,BLW Tracker - Baby Led,1,1.0,2026-03-26
6758321287,03/26/2026,,Health & Fitness, ,AR, ,USD,0.00,Joao Victor Flores da Costa,0.00,iPhone,03/26/2026, , , , , ,1F, ,APPLE,US,com.gambit.blwbaby.2024, ,iOS,BLW Tracker - Baby Led,1,1.0,2026-03-26
6758321287,03/26/2026,,Health & Fitness, ,BR,BRL,BRL,0.00,Joao Victor Flores da Costa,0.00,iPhone,03/26/2026, , , , , ,3F, ,APPLE,US,com.gambit.blwbaby.2024, ,iOS,BLW Tracker - Baby Led,1,1.0,2026-03-26
6758321287,03/26/2026,,Health & Fitness, ,ES, ,EUR,0.00,Joao Victor Flores da Costa,0.00,iPhone,03/26/2026, , , , , ,1F, ,APPLE,US,com.gambit.blwbaby.2024, ,iOS,BLW Tracker - Baby Led,1,1.0,2026-03-26
6758321287,03/26/2026,,Health & Fitness, ,GT, ,USD,0.00,Joao Victor Flores da Costa,0.00,iPhone,03/26/2026, , , , , ,1F, ,APPLE,US,com.gambit.blwbaby.2024, ,iOS,BLW Tracker - Baby Led,1,1.0,2026-03-26
6758321287,03/25/2026,,Health & Fitness, ,LU, ,EUR,0.00,Joao Victor Flores da Costa,0.00,iPhone,03/25/2026, , , , , ,1F, ,APPLE,US,com.gambit.blwbaby.2024, ,iOS,BLW Tracker - Baby Led,1,1.0,2026-03-25
6758321287,03/25/2026,,Health & Fitness, ,GB, ,GBP,0.00,Joao Victor Flores da Costa,0.00,iPhone,03/25/2026, , , , , ,1F, ,APPLE,US,com.gambit.blwbaby.2024, ,iOS,BLW Tracker - Baby Led,1,1.0,2026-03-25
6758321287,03/25/2026,,Health & Fitness, ,CL, ,CLP,0.00,Joao Victor Flores da Costa,0.00,iPhone,03/25/2026, , , , , ,1F, ,APPLE,US,com.gambit.blwbaby.2024, ,iOS,BLW Tracker - Baby Led,1,1.0,2026-03-25
6758321287,03/24/2026,,Health & Fitness, ,BR, ,BRL,0.00,Joao Victor Flores da Costa,0.00,iPhone,03/24/2026, , , , , ,1F, ,APPLE,US,com.gambit.blwbaby.2024, ,iOS,BLW Tracker - Baby Led,1,1.0,2026-03-24
6758321287,03/24/2026,,Health & Fitness, ,DE, ,EUR,0.00,Joao Victor Flores da Costa,0.00,iPhone,03/24/2026, , , , , ,1F, ,APPLE,US,com.gambit.blwbaby.2024, ,iOS,BLW Tracker - Baby Led,1,1.0,2026-03-24
6758321287,03/24/2026,,Health & Fitness, ,MX, ,MXN,0.00,Joao Victor Flores da Costa,0.00,iPhone,03/24/2026, , , , , ,1F, ,APPLE,US,com.gambit.blwbaby.2024, ,iOS,BLW Tracker - Baby Led,1,1.0,2026-03-24
